iteration,color_score,amount_score,planner_response,critic_response
0,0.7021414376194786,1.0,"--- REASONING START ---
To achieve the target color of RGB(100, 0, 100), we need to mix red (RGB(255, 0, 0)) and blue (RGB(0, 0, 255)) in the correct proportions. Since the target color has equal amounts of red and blue, we should aim for a 1:1 ratio of red to blue. However, the target color is not as saturated as the pure red or blue we have, which means we need to dilute the intensity of the colors. We can do this by adding white (RGB(255, 255, 255)) to the mix.

The target amount is 150ml, which is more than the amount in any single starting beaker. This means we will need to combine contents from multiple beakers to reach the desired volume.

Here's a step-by-step plan to create the target color:

1. Mix equal parts of red and blue to create purple. Since we need 150ml in total and the target color has equal parts of red and blue, we'll mix 50ml of red with 50ml of blue. This will give us 100ml of RGB(100, 0, 100), assuming perfect mixing with no loss of saturation.

2. Add white to the purple mixture to reach the correct saturation. We need to reduce the saturation to match the target color's RGB values. We'll start by adding 50ml of white to the 100ml of purple mixture. This should give us a lighter purple closer to the target color.

3. Adjust the color if necessary. If the color is too light, we can add a bit more red and blue. If it's too dark, we can add more white.

4. Once the color matches, we need to ensure we have 150ml of paint. If we are short, we can add more white since it won't change the color.

5. Use beaker 5 as the mixing beaker to avoid confusion.

Let's proceed with the plan.
--- REASONING END ---

--- PLAN START ---
POUR(0, 5, 50) # Pour 50ml of red into beaker 5
POUR(2, 5, 50) # Pour 50ml of blue into beaker 5, creating purple
POUR(3, 5, 50) # Pour 50ml of white into beaker 5 to adjust the saturation
DONE(5) # The target beaker is ready
--- PLAN END ---","--- FEEDBACK REASONING START ---
The planner's strategy was to create a purple color by mixing red and blue in equal parts and then adjusting the saturation with white to match the target color. The planner correctly identified the need for a 1:1 ratio of red to blue and the use of white to adjust the saturation. The planner also correctly identified beaker 5 as the mixing beaker to avoid confusion.

However, there are a few issues with the execution of the plan:

1. The planner did not account for the dilution effect when mixing colors. When 50ml of red was mixed with 50ml of blue, the resulting color was RGB(128, 0, 128), not the expected RGB(100, 0, 100). This indicates that the planner assumed perfect mixing without loss of saturation, which is not the case.

2. The addition of 50ml of white to the 100ml of purple mixture resulted in a color that was too light (RGB(171, 85, 171)) compared to the target color (RGB(100, 0, 100)). This suggests that the amount of white added was too much for the desired saturation level.

3. The planner did not include steps to adjust the color after the initial mixing, which would have been necessary given the discrepancy in color after adding white.

4. The final volume was correct at 150ml, but the color did not match the target. The planner should have included steps to correct the color after each mixing action.

To improve the plan, the planner should consider the following:

- Incorporate a step to evaluate the color after each mixing action and adjust the plan accordingly.
- Use a smaller amount of white to begin with, as it is easier to add more white later than to correct an overly lightened mixture.
- Include contingency steps in the plan for adjusting the color if it does not match the target after the initial mix.

--- FEEDBACK REASONING END ---

--- FEEDBACK START ---
The initial strategy of mixing equal parts red and blue to create purple was sound, as was the decision to use white to adjust the saturation. However, the execution needs refinement. Here are specific suggestions for improvement:

1. After mixing red and blue, evaluate the resulting color before adding white. If the color is too dark, add white in smaller increments, such as 10ml at a time, to avoid oversaturation.

2. Once you've added white, re-evaluate the color. If the mixture is too light, incrementally add small amounts of red and blue (in the same 1:1 ratio) to darken it without altering the hue.

3. Include steps in your plan to adjust the color after each addition. This iterative approach will help you fine-tune the color to match the target.

4. Document the expected color after each step to help identify where adjustments may be needed in future iterations of the plan.

By incorporating these suggestions, you should be able to more accurately achieve the target color and volume.
--- FEEDBACK END ---"
1,0.737020882677663,1.0,"--- REASONING START ---
Based on the feedback, we need to be more cautious with our color mixing to avoid oversaturation and to fine-tune the color to match the target. The target color RGB(100, 0, 100) suggests a less saturated purple, which we can achieve by mixing red and blue in equal parts and then diluting with white.

We will start by mixing 50ml of red and 50ml of blue to create a base purple color. This should give us 100ml of a more saturated purple than needed. We will then add white in increments of 10ml to carefully reduce the saturation. After each addition of white, we will evaluate the color and decide if more white is needed or if we need to adjust the hue by adding more red and blue in a 1:1 ratio.

Since the target volume is 150ml, we will reach this volume by adding white, which will also help us achieve the correct saturation. We will use beaker 5 as our mixing beaker.

Here's the revised plan:

1. Mix 50ml of red with 50ml of blue to create a base purple color in beaker 5.
2. Add 10ml of white to the purple mixture and evaluate the color.
3. Continue adding white in 10ml increments, evaluating the color after each addition, until the color closely matches the target.
4. If the color becomes too light, add red and blue in a 1:1 ratio in small increments (e.g., 5ml each) to darken it without changing the hue.
5. Once the color matches and we have 150ml of paint, we will be done.

Let's proceed with the revised plan.
--- REASONING END ---

--- PLAN START ---
POUR(0, 5, 50) # Pour 50ml of red into beaker 5
POUR(2, 5, 50) # Pour 50ml of blue into beaker 5, creating purple
# Evaluate the color, then start adding white in increments
POUR(3, 5, 10) # Pour 10ml of white into beaker 5 to adjust the saturation
# Evaluate the color
POUR(3, 5, 10) # Pour another 10ml of white into beaker 5 if needed
# Evaluate the color
POUR(3, 5, 10) # Pour another 10ml of white into beaker 5 if needed
# Evaluate the color
POUR(3, 5, 10) # Pour another 10ml of white into beaker 5 if needed
# Evaluate the color, if the color is too light, add small amounts of red and blue
POUR(0, 5, 5) # If needed, pour 5ml of red into beaker 5 to darken
POUR(2, 5, 5) # If needed, pour 5ml of blue into beaker 5 to darken
# Evaluate the color and volume, continue adjusting until the color matches and volume is 150ml
DONE(5) # The target beaker is ready
--- PLAN END ---","--- FEEDBACK REASONING START ---
The planner's strategy was to create a purple color by mixing red and blue, then adjust the saturation with white, and finally adjust the hue and saturation with additional red and blue as needed. The goal was to reach the target color RGB(100, 0, 100) and volume of 150ml.

The initial mix of 50ml red and 50ml blue to create a base purple was a good start, as it created a purple that could be adjusted towards the target color. However, the subsequent additions of white in 10ml increments may not have been the best approach for fine-tuning the color. The color became lighter with each addition of white, but the RGB values increased too much, indicating an oversaturation of white.

The final color in beaker 5, RGB(165, 71, 165), is too light compared to the target color RGB(100, 0, 100). This suggests that too much white was added without enough compensation from the red and blue. Additionally, the final volume was reached without achieving the correct color, which indicates a need for a more precise approach to adding white and adjusting the hue.

The planner should consider the following:
- The impact of white on the RGB values and saturation.
- The ratio of red to blue when creating the initial purple mixture.
- The incremental adjustments needed to fine-tune the color without exceeding the target volume.

The feedback should encourage the planner to use smaller increments of white and to adjust the hue more carefully, possibly by using smaller increments of red and blue as well. It should also suggest that the planner keeps a closer eye on the RGB values after each addition to ensure they are moving towards the target values.

--- FEEDBACK REASONING END ---

--- FEEDBACK START ---
The initial strategy of creating a base purple color by mixing equal parts of red and blue was effective. However, the subsequent additions of white were too large, leading to an oversaturation and a lighter color than the target. In future iterations, consider the following:

1. Use smaller increments of white (e.g., 5ml instead of 10ml) to avoid overshooting the desired saturation level. This will allow for more precise control over the color.

2. After each addition of white, closely monitor the RGB values. The target RGB(100, 0, 100) indicates a need for a darker purple, so ensure that the RGB values do not increase too much with each addition of white.

3. When adjusting the hue after adding white, use smaller increments of red and blue (e.g., 2ml or 3ml) to fine-tune the color without significantly affecting the volume.

4. Keep in mind the final volume of 150ml. Plan the additions so that you reach the target color before the volume is met. If the volume is reached before the color is correct, you won't be able to make further adjustments without exceeding the target volume.

5. Consider the impact of each color addition on the final color. Remember that adding white lightens the color and increases the RGB values, while adding red or blue will alter the hue and saturation.

By implementing these suggestions, you should be able to create a more accurate color match to the target without exceeding the desired volume. Good luck with your next iteration!
--- FEEDBACK END ---"
2,0.6904195395138737,0.98,"--- REASONING START ---
To achieve the target color RGB(100, 0, 100) and volume of 150ml, we need to create a purple color by mixing red and blue, and then adjust the saturation and brightness with white. The feedback suggests using smaller increments of white and red/blue to fine-tune the color without overshooting the desired saturation and volume.

We will start by creating a base purple color by mixing red and blue in a 1:1 ratio. Since we need to reach a volume of 150ml, we will mix 50ml of red with 50ml of blue to get 100ml of a saturated purple. This leaves us with 50ml to reach the target volume, which we will use to adjust the color with white and possibly more red/blue.

We will use beaker 5 as our mixing beaker. After creating the base purple, we will add white in increments of 5ml to carefully adjust the saturation and brightness. We will monitor the color after each addition and add more red or blue in small increments (2ml or 3ml) if necessary to fine-tune the hue.

The goal is to reach the target color before the volume reaches 150ml. If we reach the target color with volume to spare, we will add white to reach the target volume without changing the color significantly.

Here's the plan:

1. Create a base purple color by mixing equal parts of red and blue in beaker 5.
2. Add white in small increments to adjust the saturation and brightness.
3. If necessary, add small increments of red and/or blue to fine-tune the hue.
4. Reach the target volume of 150ml without exceeding it.
5. Ensure the final color in beaker 5 matches the target RGB(100, 0, 100) as closely as possible.

Let's proceed with the plan.
--- REASONING END ---

--- PLAN START ---
POUR(0, 5, 50) # Pour 50ml of red into beaker 5
POUR(2, 5, 50) # Pour 50ml of blue into beaker 5, creating purple
POUR(3, 5, 5)  # Pour 5ml of white into beaker 5 to adjust the saturation
POUR(3, 5, 5)  # Pour another 5ml of white into beaker 5 if needed
POUR(3, 5, 5)  # Pour another 5ml of white into beaker 5 if needed
POUR(3, 5, 5)  # Pour another 5ml of white into beaker 5 if needed
POUR(3, 5, 5)  # Pour another 5ml of white into beaker 5 if needed
POUR(3, 5, 5)  # Pour another 5ml of white into beaker 5 if needed
POUR(3, 5, 5)  # Pour another 5ml of white into beaker 5 if needed
POUR(3, 5, 5)  # Pour another 5ml of white into beaker 5 if needed
POUR(3, 5, 5)  # Pour another 5ml of white into beaker 5 if needed
POUR(3, 5, 5)  # Pour another 5ml of white into beaker 5 if needed
# At this point, we have added 50ml of white, reaching the target volume of 150ml
# If the color is too light, we will add small increments of red and blue to adjust
POUR(0, 5, 2)  # If needed, pour 2ml of red into beaker 5 to adjust the hue
POUR(2, 5, 2)  # If needed, pour 2ml of blue into beaker 5 to adjust the hue
# Continue to fine-tune the color with small increments of red and blue if necessary
# Once the color matches the target and the volume is 150ml, we are done
DONE(5) # The target beaker is ready
--- PLAN END ---",
